record_id,original_title,original_author_display,normalized_author_names,original_semester,original_year,original_hub_url,original_pdf_url,retrieved_source_file,sha256,title_verification_status,author_verification_status,rights_status,accessibility_status,oasis_deposit_status,doi,custom_record_status,migration_date,public_note,unresolved_action
"hub-v1-01","An Economic Model of the Contemporary Oil Market: OPEC and the New Competitive Fringe","J. Wenzel and Tony Foresta","T.J. Wenzel; Tony Foresta","Fall 2016","2016","https://thehouseunlv.wordpress.com/vol-1/","https://thehouseunlv.wordpress.com/wp-content/uploads/2018/06/wenzel_foresta_wps1.pdf","Temporary audit retrieval: wenzel_foresta_wps1.pdf; not committed","fbf52456bc0fa3eedb985222bdabadbea6e45697946e0b6a73b48b74f9a50c0d","Verified against the public Hub PDF","Needs reconciliation: Hub lists J. Wenzel; manuscript lists T.J. Wenzel","Unverified for republication; public availability is not permission","Screening only: PDF Tagged=no; no full accessibility audit","Not present in the audited 15-item current collection; broader OAsis search unresolved","Unresolved; no record DOI identified","Metadata-only legacy registry; no structured publication record","Not migrated","Hub issue label is Fall 2016; current legacy registry says Spring 2018.","Verify author display and publication term; verify rights; complete accessibility audit; coordinate OAsis deposit before migration"
"hub-v1-02","Analysis of Film Revenues: Saturated and Limited Films","Megan Gold","Megan Gold","Fall 2016","2016","https://thehouseunlv.wordpress.com/vol-1/","https://thehouseunlv.wordpress.com/wp-content/uploads/2018/06/gold_wps1.pdf","Temporary audit retrieval: gold_wps1.pdf; not committed","5ce93438f461b789ac804847051099725cf2daefd5f2ddfc5717dfb7f896263f","Verified against the public Hub PDF; case normalized from the page listing","Verified against the manuscript byline","Unverified for republication; public availability is not permission","Screening only: PDF Tagged=no; no full accessibility audit","Not present in the audited 15-item current collection; broader OAsis search unresolved","Unresolved; no record DOI identified","Metadata-only legacy registry; no structured publication record","Not migrated","Hub issue label is Fall 2016; current legacy registry says Spring 2018.","Reconcile publication term; verify rights; complete accessibility audit; coordinate OAsis deposit before migration"
"hub-v1-03","Mezze Foods: An Analysis of the Factors Affecting Consumer Behavior in the Local Hummus Industry","Avetis Mazmanyan and Raphael Medin","Avetis Mazmanyan; Raphael Medina","Fall 2016","2016","https://thehouseunlv.wordpress.com/vol-1/","https://thehouseunlv.wordpress.com/wp-content/uploads/2018/06/mazmanyan_medina_wps1.pdf","Temporary audit retrieval: mazmanyan_medina_wps1.pdf; not committed","a406f7d22106fd022f4dea674bc31694963e36049e0216eb81adb94d73e70099","Verified against the public Hub PDF; capitalization normalized","Needs reconciliation: Hub lists Raphael Medin; manuscript lists Raphael Medina","Unverified for republication; public availability is not permission","Screening only: PDF Tagged=no; no full accessibility audit","Not present in the audited 15-item current collection; broader OAsis search unresolved","Unresolved; no record DOI identified","Metadata-only legacy registry; no structured publication record","Not migrated","Hub issue label is Fall 2016; current legacy registry says Spring 2018.","Confirm surname spelling and publication term; verify rights; complete accessibility audit; coordinate OAsis deposit before migration"
"hub-v1-04","A Million and Above: Hedonic Modeling of how the characteristics of High-End Houses in the Las Vegas Metropolitan Area are valued","Josephine Fenton and Robert Villemaire","Josephine Fenton; Robert Villemaire","Fall 2016","2016","https://thehouseunlv.wordpress.com/vol-1/","https://thehouseunlv.wordpress.com/wp-content/uploads/2018/06/fenton_villemaire_wps1.pdf","Temporary audit retrieval: fenton_villemaire_wps1.pdf; not committed","f26576e19ad0aeb8ef35c95120cb3253ec2b7d51d81616d9c1da6cb0ce676bbc","Verified against the public Hub PDF; Hub page punctuation differs","Verified against manuscript byline; PDF properties additionally show Robert R. Villemaire Jr.","Unverified for republication; public availability is not permission","Screening only: PDF Tagged=no; no full accessibility audit","Not present in the audited 15-item current collection; broader OAsis search unresolved","Unresolved; no record DOI identified","Metadata-only legacy registry; no structured publication record","Not migrated","Hub issue label is Fall 2016; current legacy registry says Spring 2018.","Confirm preferred normalized author name and title capitalization; reconcile term; verify rights and accessibility before migration"
"hub-v1-05","Risk Behavior Patterns and Wealth Accumulation","Jeffrey Joe","Jeffrey Joe","Fall 2016","2016","https://thehouseunlv.wordpress.com/vol-1/","https://thehouseunlv.wordpress.com/wp-content/uploads/2018/06/jeffrey_joe_wps1.pdf","Temporary audit retrieval: jeffrey_joe_wps1.pdf; not committed","e3655b000f795087575eaa1524c81ad5c709c6b2e8b82be9ed4f217971fac347","Verified against the public Hub PDF","Verified against the manuscript byline","Unverified for republication; public availability is not permission","Screening only: PDF Tagged=no; no full accessibility audit","Not present in the audited 15-item current collection; broader OAsis search unresolved","Unresolved; no record DOI identified","Metadata-only legacy registry; no structured publication record","Not migrated","Hub issue label is Fall 2016; current legacy registry says Spring 2018.","Reconcile publication term; verify rights; complete accessibility audit; coordinate OAsis deposit before migration"
"hub-v1-06","The Marriage Wage Gap: An Analysis of Marital Status and Gender Related Disparity in Wage","Alex Cannon","Alex Cannon","Fall 2016","2016","https://thehouseunlv.wordpress.com/vol-1/","https://thehouseunlv.wordpress.com/wp-content/uploads/2018/06/alex_cannon_wps1.pdf","Temporary audit retrieval: alex_cannon_wps1.pdf; not committed","a8b4f661cd44793ecb464a57de551c6d8e819b4e95f33c5d79d8271c489b0090","Verified as a Hub title variant: PDF properties and cover contain the two title components","Verified against the manuscript byline","Unverified for republication; public availability is not permission","Screening only: PDF Tagged=no; no full accessibility audit","Not present in the audited 15-item current collection; broader OAsis search unresolved","Unresolved; no record DOI identified","Metadata-only legacy registry; no structured publication record","Not migrated","Hub publication issue is Fall 2016; manuscript cover and current registry identify ECON 495 Fall 2014. These dates have different possible meanings.","Determine whether 2014 is manuscript/course date and 2016 is Hub publication date; verify rights and accessibility before migration"
"hub-v2-01","Reference Dependence – On Any Given Sunday: Are Taxi Driver’s Shift End Decisions Impacted by the NFL?","Matt Parkins","Matt Parkins","Spring 2017","2017","https://thehouseunlv.wordpress.com/vol-2/","https://thehouseunlv.wordpress.com/wp-content/uploads/2018/07/matt-parkins.pdf","Temporary audit retrieval: matt-parkins.pdf; not committed","0d49068f2fc5b7472253fb82b0a3624383b033e7add760e50a3558fa9cc799c5","Verified against the public Hub PDF; dash and capitalization normalized from the page","Verified against manuscript byline; PDF properties use Matthew Parkins","Unverified for republication; public availability is not permission","Screening only: PDF Tagged=no; no full accessibility audit","Not present in the audited 15-item current collection; broader OAsis search unresolved","Unresolved; no record DOI identified","Metadata-only legacy registry; no structured publication record","Not migrated","Hub issue label is Spring 2017; current legacy registry says Spring 2018.","Confirm preferred author display and publication term; verify rights and accessibility before migration"
"hub-v2-02","Child Care’s Effects in the Las Vegas Valley","Lois Fortez, Edmund Yao, and Cindy Valencia","Lois Fortez; Cindy Valencia; Edmund Yao","Spring 2017","2017","https://thehouseunlv.wordpress.com/vol-2/","https://thehouseunlv.wordpress.com/wp-content/uploads/2018/07/child-care-analysis-_fortez.pdf","Temporary audit retrieval: child-care-analysis-_fortez.pdf; not committed","fcf49c99f2d0d1d031c6d96c7e878b3ec4bf4d012521dcc846ec1ff88f3d5cb3","Verified against the public Hub PDF; possessive and case normalized from the page","Needs reconciliation: Hub order is Fortez, Yao, Valencia; manuscript order is Fortez, Valencia, Yao","Unverified for republication; public availability is not permission","Screening only: PDF Tagged=no; no full accessibility audit","Not present in the audited 15-item current collection; broader OAsis search unresolved","Unresolved; no record DOI identified","Metadata-only legacy registry; no structured publication record","Not migrated","Hub issue is Spring 2017; PDF properties and current registry identify ECON 495 Fall 2016.","Confirm canonical author order and distinguish course term from publication term; verify rights and accessibility before migration"
"hub-v2-03","Pythagorean Expectation for Baseball","Scott Leavitt and Anthony Serrano","E. Scott Leavitt; Anthony Serrano","Spring 2017","2017","https://thehouseunlv.wordpress.com/vol-2/","https://thehouseunlv.wordpress.com/wp-content/uploads/2018/07/leavitt_serrano_baseball.pdf","Temporary audit retrieval: leavitt_serrano_baseball.pdf; not committed","a44d58cba5d592749ce3fa58133c5b44de992e2723de354d007ffe20cc027420","Verified against the public Hub PDF","Needs reconciliation: Hub lists Scott Leavitt; manuscript byline lists E. Scott Leavitt and contains footnote markers","Unverified for republication; public availability is not permission","Screening only: PDF Tagged=no; no full accessibility audit","Not present in the audited 15-item current collection; broader OAsis search unresolved","Unresolved; no record DOI identified","Metadata-only legacy registry; no structured publication record","Not migrated","Hub issue is Spring 2017; manuscript cover and current registry say Spring 2016.","Confirm preferred author display and distinguish manuscript/course term from publication term; verify rights and accessibility before migration"
"hub-v2-04","Major League Baseball Salary Determinants: Contract Year or Career Average","Michael Dillon","Michael Dillon","Spring 2017","2017","https://thehouseunlv.wordpress.com/vol-2/","https://thehouseunlv.wordpress.com/wp-content/uploads/2018/07/michael_dillon.pdf","Temporary audit retrieval: michael_dillon.pdf; not committed","99794fbbe8d982870d175c4d8525ec6e4690d56824262d4ac6379e0940e6138b","Verified against the public Hub PDF","Verified against the manuscript byline","Unverified for republication; public availability is not permission","Screening only: PDF Tagged=no; no full accessibility audit","Not present in the audited 15-item current collection; broader OAsis search unresolved","Unresolved; no record DOI identified","Metadata-only legacy registry; no structured publication record","Not migrated","Hub issue label is Spring 2017; current legacy registry says Spring 2018.","Reconcile publication term; verify rights; complete accessibility audit; coordinate OAsis deposit before migration"
"hub-v2-05","Shelter Animal Outcomes: Helping Improve Outcomes for Shelter Animals","Alexandra Ferguson","Alexandra Ferguson","Spring 2017","2017","https://thehouseunlv.wordpress.com/vol-2/","https://thehouseunlv.wordpress.com/wp-content/uploads/2018/07/ferguson.pdf","Temporary audit retrieval: ferguson.pdf; not committed","c39d046a4474aec6fb25c2ce98c72e2beb3a5b0f82d16310b710bb6a63372431","Verified against the public Hub PDF; case normalized from the page","Verified against manuscript byline; PDF properties abbreviate the given name as Alex","Unverified for republication; public availability is not permission","Screening only: PDF Tagged=yes; tags alone do not establish accessibility","Not present in the audited 15-item current collection; broader OAsis search unresolved","Unresolved; no record DOI identified","Metadata-only legacy registry; no structured publication record","Not migrated","Hub issue and current legacy registry both identify Spring 2017.","Confirm preferred author display; verify rights; complete full accessibility audit; coordinate OAsis deposit before migration"
"hub-v3-01","MMA Wages: The Determinants of UFC Fighter’s Salaries","Jordan Eisinger","Jordan Eisinger","Fall 2017","2017","https://thehouseunlv.wordpress.com/vol-3/","https://thehouseunlv.wordpress.com/wp-content/uploads/2018/07/jordan_eisinger_wps.pdf","Temporary audit retrieval: jordan_eisinger_wps.pdf; not committed","b274587726d712ba9c44546c51d14105c5363af227b4fc56ee882dfa726870ae","Verified against the public Hub PDF","Verified against the manuscript byline","Unverified for republication; public availability is not permission","Screening only: PDF Tagged=no; no full accessibility audit","Not present in the audited 15-item current collection; broader OAsis search unresolved","Unresolved; no record DOI identified","Metadata-only legacy registry; no structured publication record","Not migrated","Hub issue label is Fall 2017; current legacy registry says Spring 2018.","Reconcile publication term; verify rights; complete accessibility audit; coordinate OAsis deposit before migration"
"hub-v3-02","An Economic Analysis if Legalization of Recreational Marijuana Impact Violent Crime?","Josefine Hippi","Josefine Hippi","Fall 2017","2017","https://thehouseunlv.wordpress.com/vol-3/","https://thehouseunlv.wordpress.com/wp-content/uploads/2018/07/josefine_hippi.pdf","Temporary audit retrieval: josefine_hippi.pdf; not committed","e7bb8a8d8b15df5248326a77fb9f465468dfa7e2c78c8eb55fc8e02e9a462ea6","Verified verbatim against the public Hub PDF; unusual grammar preserved","Verified against the manuscript byline","Unverified for republication; public availability is not permission","Screening only: PDF Tagged=no; no full accessibility audit","Not present in the audited 15-item current collection; broader OAsis search unresolved","Unresolved; no record DOI identified","Metadata-only legacy registry; no structured publication record","Not migrated","Hub issue label is Fall 2017; current legacy registry says Spring 2018.","Do not silently rewrite the title; reconcile publication term; verify rights and accessibility before migration"
"hub-v3-03","Does Having Children Make Cents? An Economic Analysis of the Gender Wage Gap in Nevada","Jeffrey Wheble","Jeffrey Wheble","Fall 2017","2017","https://thehouseunlv.wordpress.com/vol-3/","https://thehouseunlv.wordpress.com/wp-content/uploads/2018/07/jeffrey_-wheble_wps.pdf","Temporary audit retrieval: jeffrey_-wheble_wps.pdf; not committed","209186862db4af13c80717c81290402f055e9e6fcbd49cee239d4d91bd2d7fe3","Verified against the public Hub PDF","Verified against the manuscript byline","Unverified for republication; public availability is not permission","Screening only: PDF Tagged=no; no full accessibility audit","Not present in the audited 15-item current collection; broader OAsis search unresolved","Unresolved; no record DOI identified","Metadata-only legacy registry; no structured publication record","Not migrated","Hub issue label is Fall 2017; current legacy registry says Spring 2018.","Reconcile publication term; verify rights; complete accessibility audit; coordinate OAsis deposit before migration"
